{"package_information": {"apiVersion": {"buildNumber": 0, "majorVersion": 2, "minorVersion": 0}, "language": "python"}, "misc_information": {"sec_key": "Ujjny8VmN52qdDzg0QAw13GLK8lGm5Exc3vX+8r8WXkmVnt1f12ljUn5MeWTuovwO9yIrZvpuBfhVMNScaiKVt87aOgiUw9OQbu5UGawqQmj8jzZ7k4lCwgK11sLMkuAxNbOzmDNiHeek9+89IOziaunhOexKlJ7NRT+cdZV95c=|07bcad0cf1e783fc58df125213b078655626ca9d89f7a5ae5d0a743203b2ae63", "retry": "false", "partner_params": {"user_id": "bff67535-cbcd-4db5-b2eb-cedbfee53aa4", "job_id": "7a110eea-8596-4ecb-ab7c-2baa59ef1ac3", "job_type": 2}, "timestamp": 1592923037, "file_name": "selfie.zip", "smile_client_id": "210", "callback_url": null, "userData": {"isVerifiedProcess": false, "name": "", "fbUserID": "", "firstName": "Bill", "lastName": "", "gender": "", "email": "", "phone": "", "countryCode": "+", "countryName": ""}}, "id_info": {"first_name": null, "middle_name": null, "last_name": null, "country": null, "id_type": null, "id_number": null, "dob": null, "phone_number": null, "entered": false}, "images": [{"image_type_id": 0, "image": "", "file_name": "SID_Preview_Full.jpg"}], "server_information": "https://smile-uploads-test.s3.us-west-2.amazonaws.com/videos/210/210-0000002680-45xxzsagrwtkq9bd7tcqehpy59ngme/selfie.zip?AWSAccessKeyId=ASIA4OAOFXPAGINAB7O3&Content-Type=application%2Fzip&Expires=1592923939&Signature=TBon8bHTtlZjgg%2FsL3lzI2kORAs%3D&x-amz-security-token=IQoJb3JpZ2luX2VjEO%2F%2F%2F%2F%2F%2F%2F%2F%2F%2F%2FwEaCXVzLXdlc3QtMiJHMEUCIQDVbyg2%2FZu3wm2hfcHvK7IaF9IZt8mTqgwKYfWRioX8aAIgJr1FwSvVmE2mnn%2FWBvuG5Zp5B1DxfaTZSkYQUoii9mEqzwEIeBABGgw4NTQ3MjgyMjc3NzYiDKxdaKSS9RL%2BSY8VKSqsAYU9UhHJ17tuiU%2B5y64So%2BI54qOz2cMcYdaAIVGr7xqihVobP60qSKK716I8PDvU6DQ3wba7yR19GbhXDk%2FOZ46mpPUBjI1YW%2BWVrD0oJDOQ%2BhaMDJ6WRhSvh%2BtzzaPj%2FniBwbrw8GtlEdiCHq8EeFRqkU%2BIE61xfWyNSGe7yjZnvDj4Aqa8mGURczrx%2FCpipsrNAXXUeu9neX0%2B4fsXG0K9L3l5J4LH%2Fs%2BjQU4wgafI9wU64AFhCi30x%2FmtFQqsUZtYtLqGu%2BbgJleux5F6eTj9Zy2sY%2BmikUWDcDC0JzwtX5TgxUUh0cTkLAqWd5qgsPMpA9EbXKb%2FAmrUQoEYqwkxf18mAa6%2F8qgMZnL7hMvZy%2B4u1nwK7ph%2BHg7757%2FMCu0LqsO20rQe99dyvVfusWv1SMHA9RQ4YLyVPrFzt0NL4MDoMrllbU%2Fsdxlz%2B0kvUm1EAqnREF3w9HHRz2j65RwJjeOGHQcnjUXo8EoC7WvyCFjm9eFyiJJuUoO%2FhqvUpjKNrH7CAobSt%2BCrUowzoROoLWEjxA%3D%3D&x-amz-server-side-encryption=AES256"}